id,time,strangerhead_prop_maskon,strangerhead_prop_maskoff
7004,1,0,0
7004,2,0,0
7004,3,0,0
7004,4,0,0
7004,5,0,0
7004,6,0,0
7004,7,0,0
7004,8,0,0.166666667
7004,9,0,NA
7004,10,0,NA
7004,11,0,NA
7004,12,0,NA
7004,13,0,NA
7004,14,0,NA
7004,15,0,NA
7004,16,0,NA
7004,17,0,NA
7004,18,0,NA
7004,19,0,NA
7004,20,0,NA
7004,21,0,NA
7004,22,0,NA
7004,23,NA,NA
7004,24,0,NA
7004,25,0,NA
7004,26,0,NA
7004,27,0,NA
7004,28,0,NA
7004,29,0,NA
7004,30,0,1
7004,31,0,1
7004,32,0,NA
7004,33,0,NA
7004,34,0,NA
7004,35,0,NA
7004,36,0,NA
7004,37,0,NA
7004,38,0,NA
7004,39,0,NA
7004,40,0,NA
7004,41,0,NA
7004,42,0,NA
7004,43,0,NA
7004,44,0,NA
7004,45,0,NA
7004,46,0,NA
7004,47,0,NA
7004,48,0,0
7004,49,0,0
7004,50,0,0
7004,51,0,0.2
7004,52,0,0
7004,53,0,0
7004,54,0,0
7017,1,0,0
7017,2,0,0
7017,3,0,0
7017,4,0,0.533333333
7017,5,0,0.666666667
7017,6,0,0.9
7017,7,0,0.966666667
7017,8,0,0
7017,9,0,0.366666667
7017,10,0,0.9
7017,11,0,0.866666667
7017,12,0,0.566666667
7017,13,0,1
7017,14,0,1
7017,15,0,1
7017,16,0,1
7017,17,0,0.666666667
7017,18,NA,1
7017,19,0,1
7017,20,0,1
7017,21,0,1
7017,22,0,0.766666667
7017,23,0,0
7017,24,0,0
7017,25,0,0
7017,26,0,0
7017,27,0,0
7017,28,0,0
7017,29,0,0
7017,30,0,0
7017,31,0,0
7017,32,0,0
7017,33,0,0
7017,34,0,0.333333333
7017,35,0,0
7017,36,0,0
7017,37,0,0
7017,38,0,0
7017,39,0,0
7024,1,0,1
7024,2,NA,0.733333333
7024,3,0,0.7
7024,4,0,0.433333333
7024,5,0,0.666666667
7024,6,0,0.5
7024,7,0,1
7024,8,0,1
7024,9,0.4,NA
7024,10,0,NA
7024,11,0,NA
7024,12,0,NA
7024,13,0,NA
7024,14,0,NA
7024,15,0,NA
7024,16,0.966666667,NA
7024,17,0.444444444,NA
7024,18,0,1
7024,19,0.833333333,0.904761905
7024,20,1,0.733333333
7024,21,1,0
7024,22,0.366666667,0
7024,23,0,0.566666667
7024,24,0.833333333,0
7024,25,0.545454545,0
7024,26,0.482758621,0
7024,27,0.95,NA
7024,28,0,NA
7024,29,0,0
7024,30,0.793103448,0
7024,31,0.4,0
7030,1,0,0
7030,2,0,0
7030,3,0,0
7030,4,0,0
7030,5,0,0
7030,6,0,NA
7030,7,NA,NA
7030,8,0,0.611111111
7030,9,0,NA
7030,10,0,0
7030,11,0,0
7030,12,0,NA
7030,13,0,0
7030,14,0,NA
7030,15,0,NA
7030,16,0,0
7030,17,0,NA
7030,18,0,NA
7030,19,0,NA
7030,20,0,NA
7030,21,0,NA
7030,22,0,NA
7030,23,0,NA
7030,24,0,NA
7030,25,0,NA
7030,26,0,NA
7030,27,0,NA
7030,28,0,NA
7030,29,0,NA
7030,30,0,NA
7030,31,0,0
7030,32,0,NA
7030,33,0,NA
7030,34,0,0
7030,35,0,NA
7030,36,0,NA
7030,37,0,NA
7030,38,0,NA
7030,39,0,NA
7030,40,0,NA
7030,41,0,NA
7030,42,0,NA
7030,43,0,NA
7030,44,0,NA
7030,45,0,0
7030,46,0,0.1
7030,47,0,0
7030,48,0,0
7030,49,0,NA
7030,50,0,NA
7030,51,0,NA
7030,52,0,NA
7034,1,0,1
7034,2,0,1
7034,3,NA,1
7034,4,1,1
7034,5,NA,NA
7034,6,NA,NA
7034,7,0,1
7034,8,0.052631579,1
7034,9,0.4,0.80952381
7034,10,0,0
7034,11,0,1
7034,12,NA,0.333333333
7034,13,1,0
7034,14,0,NA
7034,15,0,NA
7034,16,0,1
7034,17,0,0.4
7034,18,0,NA
7034,19,0,NA
7034,20,0,NA
7034,21,0,0
7034,22,0,0.545454545
7034,23,0,1
7034,24,0,1
7034,25,0,0.333333333
7034,26,0,0.869565217
7034,27,0,0.7
7034,28,0,0.615384615
7034,29,0.952380952,0
7034,30,1,0
7034,31,0.823529412,0
7034,32,0,0
7038,1,0,0
7038,2,0,0
7038,3,0,0
7038,4,0,0
7038,5,0,0
7038,6,0,0
7038,7,0,0
7038,8,0,0.185185185
7038,9,0,0
7038,10,0,0
7038,11,0,NA
7038,12,0,NA
7038,13,0,NA
7038,14,0,1
7038,15,0,NA
7038,16,0,NA
7038,17,0,NA
7038,18,0,1
7038,19,0,0
7038,20,0,0
7038,21,0,0
7038,22,0,0
7038,23,0,0
7038,24,0,NA
7052,1,0,1
7052,2,0,1
7052,3,0,0.7
7052,4,0.285714286,1
7052,5,0.928571429,1
7052,6,0.633333333,1
7052,7,0.482758621,1
7052,8,1,1
7052,9,0.444444444,0.772727273
7052,10,0,1
7052,11,1,1
7052,12,1,1
7052,13,0.357142857,1
7052,14,0,1
7052,15,0.115384615,0.275862069
7052,16,0.7,0
7052,17,1,0
7052,18,1,0.655172414
7052,19,1,0.724137931
7052,20,1,0.933333333
7052,21,1,0.4
7053,1,0,0
7053,2,0,0.172413793
7053,3,0,0.482758621
7053,4,0,0
7053,5,0,0.133333333
7053,6,0,1
7053,7,0,NA
7053,8,0,NA
7053,9,0,NA
7053,10,0,NA
7053,11,0,NA
7053,12,0,NA
7053,13,0,NA
7053,14,0,0
7053,15,0,0
7053,16,0,NA
7053,17,0,NA
7053,18,0,NA
7053,19,0,NA
7053,20,0,1
7053,21,0,NA
7053,22,0,1
7053,23,0.3,1
7053,24,0.133333333,NA
7053,25,0,NA
7053,26,0,NA
7053,27,0,NA
7053,28,0,NA
7053,29,0.233333333,0.692307692
7053,30,0.8,0.344827586
7053,31,0,0.6
7053,32,0,NA
7053,33,0,NA
7053,34,0,NA
7053,35,0,NA
7053,36,0,0
7053,37,0,0
7053,38,0,NA
7053,39,0.233333333,1
7053,40,0.433333333,1
7053,41,0,NA
7053,42,0.933333333,0
7053,43,0.266666667,0
7053,44,1,0.692307692
7053,45,0.266666667,0
7053,46,0,NA
7053,47,0,0
7053,48,0,0
7053,49,0,0
7053,50,0,0
7053,51,0,0
7053,52,0,0.25
7053,53,0.666666667,0
7053,54,1,0
7053,55,0.733333333,0
7053,56,0,NA
7053,57,0,0
7053,58,0,0
7053,59,0,NA
7053,60,0,NA
7053,61,0.433333333,NA
7053,62,0,0
7053,63,0,0
7053,64,0,0.461538462
7053,65,0,0.4
7053,66,NA,0
7053,67,NA,0
7053,68,NA,0
7058,1,0,0
7058,2,0.107142857,0
7058,3,0.1,0
7058,4,0,0.689655172
7058,5,0,0.933333333
7058,6,0,0.666666667
7058,7,0,1
7058,8,0.038461538,1
7058,9,0,0.166666667
7058,10,0,0.36
7058,11,0,0.588235294
7058,12,NA,NA
7058,13,0,0.647058824
7058,14,NA,0
7058,15,0,0
7058,16,0,0
7058,17,0,0
7058,18,NA,0
7058,19,0,0.071428571
7058,20,0,0
7058,21,0,0
7058,22,0,0
7058,23,0,0
7058,24,0.5,0
7058,25,0,0
7058,26,0,0
7058,27,0,0
7058,28,0,0.551724138
7058,29,0.033333333,0
7058,30,0.142857143,0
7058,31,0,0
7058,32,0,0.1
7058,33,0,0
7058,34,0,0
7058,35,0,0
7058,36,0,0
7058,37,0,0
7058,38,0,0
7058,39,0,0.3
7058,40,0.272727273,0
7058,41,NA,0
7058,42,0,0
7060,1,0,NA
7060,2,0,NA
7060,3,0,NA
7060,4,0,0
7060,5,0,0
7060,6,0,NA
7060,7,0,0
7060,8,0,0
7060,9,NA,0
7060,10,NA,0
7060,11,NA,0
7060,12,NA,0
7060,13,NA,0
7060,14,NA,0
7060,15,NA,NA
7060,16,NA,0
7060,17,NA,0
7060,18,NA,0
7060,19,NA,0
7060,20,NA,0
7060,21,NA,NA
7060,22,NA,0
7063,1,0,0
7063,2,0,NA
7063,3,0,NA
7063,4,0,0
7063,5,0,NA
7063,6,0,NA
7063,7,0,NA
7063,8,0,NA
7063,9,0,NA
7063,10,0,NA
7063,11,0,NA
7063,12,0,0
7063,13,0,0.3
7063,14,0,0
7063,15,0,0.117647059
7063,16,0,1
7063,17,0,NA
7063,18,0,1
7063,19,0,1
7063,20,0,1
7063,21,0,1
7063,22,0,1
7063,23,0,1
7063,24,0,1
7063,25,NA,1
7063,26,NA,1
7063,27,NA,1
7063,28,0,1
7063,29,0,1
7063,30,0,1
7063,31,0,1
7063,32,0,1
7063,33,0,0.863636364
7063,34,0.681818182,1
7063,35,0.5,1
7063,36,0.105263158,1
7063,37,0,1
7063,38,0,NA
7063,39,0,1
7063,40,0,1
7063,41,0,1
7063,42,0,1
7063,43,0,1
7063,44,0,1
7063,45,0,1
7063,46,0,1
7063,47,NA,0.875
7063,48,0,0.5
7063,49,0,1
7063,50,0,0.48
7063,51,0,0
7063,52,0,0.857142857
7063,53,0,0.045454545
7063,54,0,0
7063,55,0,0
7063,56,0,0
7063,57,0,0
7063,58,0,0
7064,1,0,0
7064,2,0,0
7064,3,0,0
7064,4,0,0.6
7064,5,0,1
7064,6,0,0.7
7064,7,0,0.933333333
7064,8,0,1
7064,9,0,1
7064,10,0,1
7064,11,0,1
7064,12,0,1
7064,13,0,0.68
7064,14,0,0.222222222
7064,15,0,0.962962963
7064,16,NA,0.7
7064,17,0,0.142857143
7064,18,0,0.166666667
7064,19,NA,0.821428571
7064,20,0,0
7064,21,0,0
7064,22,0,0
7064,23,0,0
7064,24,0,0
7064,25,NA,0
7064,26,NA,0
7065,1,0,0
7065,2,0,0.555555556
7065,3,0,0.4
7065,4,0,0
7065,5,0,0
7065,6,0,0
7065,7,0,0
7065,8,0,NA
7065,9,0,NA
7065,10,0,NA
7065,11,0,NA
7065,12,0.222222222,NA
7065,13,0.782608696,NA
7065,14,0,0
7065,15,0,0.285714286
7065,16,0,NA
7065,17,0,NA
7065,18,0,NA
7065,19,0,0
7065,20,0,0
7065,21,0,0
7065,22,0,1
7065,23,0,1
7065,24,0,1
7065,25,0,1
7065,26,0,1
7065,27,0,1
7065,28,0,1
7065,29,0,1
7065,30,0,1
7065,31,0,1
7065,32,0,1
7065,33,0,0
7065,34,0,0
7065,35,0,NA
7065,36,0,NA
7065,37,0,NA
7065,38,0,NA
7065,39,0,NA
7065,40,0,NA
7065,41,NA,NA
7065,42,NA,NA
7065,43,NA,0
7065,44,NA,0
7065,45,0,NA
7065,46,NA,NA
7065,47,0,0
7065,48,0,NA
7065,49,0,NA
7065,50,0,NA
7065,51,NA,NA
7065,52,NA,NA
7065,53,0,NA
7065,54,NA,NA
7065,55,NA,NA
7065,56,0,0
7065,57,0,NA
7065,58,0,0.357142857
7065,59,0,0.272727273
7065,60,NA,0
7065,61,NA,0
7065,62,NA,0
7065,63,NA,0
7065,64,NA,0
7067,1,0,0.903225806
7067,2,0,0.966666667
7067,3,0,1
7067,4,0,1
7067,5,0.535714286,1
7067,6,0,1
7067,7,0,1
7067,8,0,1
7067,9,0,NA
7067,10,0.666666667,NA
7067,11,0,1
7067,12,0.857142857,1
7067,13,1,1
7067,14,0.533333333,1
7067,15,1,1
7067,16,1,0.04
7067,17,1,0
7067,18,1,0
7067,19,1,0.862068966
7067,20,0.7,0
7067,21,0,0
7067,22,0.033333333,0
7067,23,0.6,0.310344828
7074,1,0,0.666666667
7074,2,0,1
7074,3,0,1
7074,4,0,1
7074,5,0,1
7074,6,0,1
7074,7,0,1
7074,8,0.7,1
7074,9,0.833333333,1
7074,10,0,0.178571429
7074,11,0,0
7074,12,0.5,0
7074,13,1,NA
7074,14,0.133333333,NA
7074,15,0.966666667,0
7074,16,0.333333333,0
7074,17,0.24137931,0
7074,18,0.807692308,0
7074,19,0,0.5
7074,20,0.033333333,0.366666667
7074,21,1,0.5
7074,22,0.482758621,0.166666667
7074,23,0.1,0.466666667
7074,24,1,1
7074,25,0.5,0.533333333
7074,26,0.869565217,0.793103448
7074,27,0.423076923,1
7074,28,0.285714286,1
7074,29,0.482758621,1
7074,30,0.566666667,1
7074,31,0.08,1
7074,32,1,1
7074,33,0.733333333,1
7074,34,0.964285714,1
7074,35,0.1,1
7074,36,0,1
7074,37,0,1
7074,38,0,1
7074,39,0.266666667,1
7074,40,0,1
7074,41,0.7,1
7074,42,0.047619048,1
7074,43,0.037037037,1
7074,44,1,1
7074,45,0.333333333,1
7074,46,0.866666667,0.966666667
7074,47,0.571428571,0.344827586
7074,48,0,0.913043478
7074,49,0.407407407,0.64
7074,50,0,0.615384615
7074,51,0.266666667,0.125
7074,52,1,0.285714286
7074,53,1,0
7074,54,0.5,0
7074,55,0,0.333333333
7074,56,0,0
7074,57,0,0
7074,58,0,0
7074,59,0.666666667,0.142857143
7074,60,0.04,0.620689655
7074,61,0.1,0.344827586
7074,62,1,0.466666667
7074,63,0,0.892857143
7074,64,NA,1
7074,65,NA,0.666666667
7074,66,NA,0
7074,67,NA,0
7074,68,NA,0
7076,1,0,0.3
7076,2,0,0.107142857
7076,3,0,0.5
7076,4,0,0.538461538
7076,5,0,0.608695652
7076,6,0,0.866666667
7076,7,0,1
7076,8,0,1
7076,9,0,1
7076,10,0.105263158,1
7076,11,0,1
7076,12,0,1
7076,13,0,1
7076,14,0,1
7076,15,0.111111111,1
7076,16,0,1
7076,17,0,1
7076,18,0,0.166666667
7076,19,NA,0.933333333
7076,20,0,1
7076,21,NA,0.517241379
7076,22,NA,0.19047619
7076,23,0,0
7076,24,0,0
7076,25,0,NA
7076,26,0.133333333,0
7076,27,0,0
7076,28,NA,0
7076,29,0,0
7078,1,0,0
7078,2,0,0
7078,3,0,0
7078,4,0,0
7078,5,0,0
7078,6,0,0
7078,7,0,0
7078,8,0,0
7078,9,0,0.466666667
7078,10,0,1
7078,11,0.071428571,1
7078,12,0.074074074,0.818181818
7078,13,0,1
7078,14,0,0.444444444
7078,15,0,0
7078,16,0,NA
7078,17,0.111111111,0
7078,18,0.166666667,0.047619048
7078,19,0.333333333,0.206896552
7078,20,0.038461538,0
7078,21,1,0
7078,22,1,0
7078,23,0,0.6
7078,24,0,0.142857143
7078,25,0,1
7078,26,0,NA
7078,27,0,NA
7078,28,0,0
7078,29,0,NA
7078,30,0,0.625
7078,31,0,0.724137931
7078,32,0,0
7078,33,0,NA
7078,34,0,NA
7078,35,0,NA
7078,36,0,NA
7078,37,0,NA
7078,38,0,NA
7078,39,0,NA
7078,40,0,NA
7078,41,0,NA
7078,42,0,0
7078,43,0,NA
7078,44,0,NA
7078,45,0,NA
7078,46,0.24,NA
7078,47,0,0
7078,48,0,0.068965517
7078,49,0,0
7078,50,0,0
7078,51,0,0
7078,52,0,0
7082,1,0,0
7082,2,0,0.533333333
7082,3,0,1
7082,4,0,0.866666667
7082,5,0,0.6
7082,6,0,1
7082,7,0,1
7082,8,0,1
7082,9,0,1
7082,10,0,1
7082,11,0,1
7082,12,0,1
7082,13,0,1
7082,14,0,1
7082,15,0,1
7082,16,0.933333333,1
7082,17,1,1
7082,18,0.4,1
7082,19,0,1
7082,20,0,1
7082,21,0,1
7082,22,0,1
7082,23,0,1
7082,24,0,1
7082,25,0,0.923076923
7082,26,0.2,0
7082,27,1,0
7082,28,0.366666667,1
7082,29,0,1
7082,30,0,1
7082,31,0,1
7082,32,0,1
7082,33,0,1
7082,34,0,0.962962963
7082,35,0,0.684210526
7082,36,0,0
7083,1,0,1
7083,2,0,0.9
7083,3,0.517241379,1
7083,4,0.366666667,1
7083,5,1,1
7083,6,0.133333333,1
7083,7,0.24137931,1
7083,8,0.5,1
7083,9,0.5,1
7083,10,0.066666667,1
7083,11,0.6,1
7083,12,0,1
7083,13,0,1
7083,14,0,0.916666667
7083,15,0,0.916666667
7083,16,0,1
7083,17,0,1
7083,18,0,1
7083,19,0,1
7083,20,0,1
7083,21,0,1
7083,22,0,1
7083,23,0,0.928571429
7083,24,0.133333333,0.88
7083,25,0.733333333,0.931034483
7083,26,0.6,0.964285714
7083,27,1,1
7083,28,1,0.857142857
7083,29,1,1
7083,30,1,0.464285714
7083,31,1,0
7083,32,1,0.3
7083,33,0.633333333,0.230769231
7083,34,1,0
7085,1,0,0.233333333
7085,2,0,0.433333333
7085,3,0.172413793,0.566666667
7085,4,0.633333333,1
7085,5,0.208333333,1
7085,6,0.416666667,1
7085,7,0.428571429,1
7085,8,0,0.333333333
7085,9,0.391304348,0
7085,10,1,0.173913043
7085,11,0.166666667,0.636363636
7085,12,0,0.296296296
7085,13,0,0.210526316
7085,14,0,0
7085,15,0,0
7085,16,0,0
7085,17,0,0.176470588
7085,18,0,0
7085,19,0,0
7085,20,0,0
7085,21,0,0
7085,22,0,0
7085,23,0,0
7085,24,0,0
7085,25,0,0
7085,26,0,0
7085,27,0,0
7085,28,0,0
7085,29,0,0
7085,30,0,NA
7085,31,0,0
7085,32,0,0
7085,33,0,0
7085,34,0,0
7085,35,0,0
7085,36,0.333333333,0.36
7085,37,0.533333333,0.125
7085,38,0.166666667,0
7085,39,0,0
7085,40,0.896551724,0
7085,41,1,0
7085,42,1,0.230769231
7085,43,1,0.333333333
7085,44,0.3,0.423076923
7085,45,0.172413793,0
7085,46,1,0
7085,47,1,0
7085,48,1,0
7085,49,1,0
7085,50,0.233333333,0
7085,51,0.2,0
7085,52,0.034482759,0
7085,53,0.206896552,0
7085,54,0,0
7085,55,0,0
7085,56,0,0
7085,57,0.733333333,0
7085,58,1,0.25
7085,59,1,0
7089,1,0,0
7089,2,0,0
7089,3,0,0
7089,4,0.166666667,0
7089,5,0,0
7089,6,0.789473684,0
7089,7,0,0.962962963
7089,8,0,1
7089,9,0,0.833333333
7089,10,0,0.259259259
7089,11,0,1
7089,12,1,0.2
7089,13,1,1
7089,14,0.75,1
7089,15,1,1
7089,16,0,0.535714286
7089,17,0,0.909090909
7089,18,NA,1
7089,19,0.631578947,0.615384615
7089,20,0.44,0.625
7089,21,0.92,0
7089,22,0.307692308,0.222222222
7089,23,0,0
7089,24,0,0
7089,25,0.764705882,0
7089,26,0.12,0
7089,27,0.074074074,0
7089,28,NA,0
7089,29,0.642857143,0
7090,1,0,0
7090,2,0,0
7090,3,0,0.966666667
7090,4,0,1
7090,5,0,0.733333333
7090,6,0,1
7090,7,0.444444444,1
7090,8,0,1
7090,9,0.3,1
7090,10,1,1
7090,11,0.045454545,1
7090,12,0,1
7090,13,0,1
7090,14,0.166666667,0.535714286
7090,15,0.1,0.4
7090,16,0,0.866666667
7090,17,0,1
7090,18,0,0.933333333
7090,19,0,0
7090,20,0.266666667,0.966666667
7090,21,0.333333333,1
7090,22,0.066666667,1
7090,23,1,1
7090,24,0.6,1
7090,25,0.285714286,0.733333333
7090,26,1,1
7090,27,1,1
7090,28,1,1
7090,29,1,1
7090,30,1,1
7090,31,0.956521739,1
7090,32,0.2,1
7090,33,1,1
7090,34,1,1
7090,35,1,0.925925926
7090,36,1,1
7090,37,1,1
7090,38,0.375,1
7090,39,0.214285714,1
7090,40,0,1
7090,41,0,1
7090,42,0,1
7090,43,0,1
7090,44,0,NA
7090,45,0,NA
7090,46,NA,NA
7090,47,NA,NA
7090,48,NA,NA
7090,49,NA,1
7090,50,NA,1
7090,51,NA,0.9
7090,52,NA,0.761904762
7090,53,NA,0.966666667
7090,54,NA,0.733333333
7090,55,NA,0.633333333
7090,56,NA,1
7090,57,NA,1
7090,58,NA,0.933333333
7090,59,NA,0
7090,60,NA,0
7090,61,NA,0
7090,62,NA,0.466666667
7090,63,NA,0
7090,64,NA,0
7091,1,0,0.133333333
7091,2,0,0.333333333
7091,3,0,0.566666667
7091,4,0,1
7091,5,0,1
7091,6,0,0.433333333
7091,7,0,0.2
7091,8,0.2,1
7091,9,1,0.333333333
7091,10,1,0.933333333
7091,11,0.518518519,0.766666667
7091,12,1,1
7091,13,0.533333333,1
7091,14,0.333333333,1
7091,15,0.433333333,1
7091,16,0.833333333,NA
7091,17,0,NA
7091,18,0.7,NA
7091,19,0.535714286,NA
7091,20,0,0
7091,21,0.966666667,NA
7091,22,0.533333333,NA
7091,23,0,NA
7091,24,0,NA
7091,25,0,NA
7091,26,0,NA
7091,27,0,NA
7091,28,0.666666667,NA
7091,29,1,0.571428571
7091,30,1,0.625
7091,31,1,NA
7091,32,0.266666667,0
7091,33,0,0.36
7091,34,0.533333333,0
7091,35,1,0
7091,36,0.033333333,0
7091,37,0.178571429,0.37037037
7091,38,1,0.133333333
7091,39,0.7,0
7093,1,0,0
7093,2,0,0
7093,3,0,0
7093,4,0,0
7093,5,0,0
7093,6,0,0
7093,7,0,0
7093,8,0,NA
7093,9,0,NA
7093,10,0,NA
7093,11,0,NA
7093,12,0,NA
7093,13,0,NA
7093,14,NA,NA
7093,15,0,NA
7093,16,0,NA
7093,17,NA,NA
7093,18,0,NA
7093,19,NA,NA
7093,20,NA,0
7093,21,0,0.555555556
7093,22,0,1
7093,23,0,1
7093,24,0,0.666666667
7093,25,0,0
7093,26,0,0.055555556
7093,27,0,NA
7093,28,0,NA
7093,29,0,NA
7093,30,0,0
7093,31,0,0
7093,32,0,0
7093,33,0,NA
7093,34,0,NA
7093,35,0.444444444,NA
7093,36,0.222222222,0
7093,37,0,0.333333333
7093,38,0,NA
7093,39,0,NA
7093,40,0,NA
7093,41,0,NA
7093,42,0,0
7093,43,0,0
7093,44,0,0
7093,45,0,0
7093,46,0,0.52173913
7093,47,0,0
7093,48,0,0
7093,49,0,0.392857143
7093,50,0,0.052631579
7093,51,0,0
7093,52,0,0
7093,53,0,0.55
7093,54,0,1
7093,55,0,0
7093,56,0,0.588235294
7093,57,0,0.083333333
7093,58,0,0.166666667
7093,59,0,0.785714286
7093,60,0,0
7093,61,0,0.380952381
7093,62,NA,1
7093,63,NA,0.466666667
7093,64,NA,0
7095,1,0,1
7095,2,0,1
7095,3,0,1
7095,4,0.862068966,1
7095,5,0.517241379,1
7095,6,0.535714286,1
7095,7,0,1
7095,8,0.782608696,1
7095,9,1,1
7095,10,0.321428571,1
7095,11,0,1
7095,12,0,1
7095,13,0,1
7095,14,0.055555556,1
7095,15,0,0
7095,16,0,0
7095,17,0,0.444444444
7095,18,0.925925926,1
7095,19,1,1
7095,20,0.857142857,1
7095,21,0,1
7095,22,0,NA
7095,23,0,0
7095,24,0,0
7095,25,0,NA
7095,26,0.178571429,NA
7095,27,1,1
7095,28,1,1
7095,29,1,1
7095,30,1,0.92
7095,31,1,1
7095,32,1,1
7095,33,1,0.807692308
7095,34,1,0.433333333
7095,35,1,0.727272727
7095,36,1,0
7095,37,1,NA
7095,38,1,0
7095,39,1,0
7095,40,1,0.555555556
7095,41,1,0
7099,1,0,1
7099,2,0,1
7099,3,0,0.357142857
7099,4,0,0.888888889
7099,5,0,0.961538462
7099,6,0,0.962962963
7099,7,0,0.538461538
7099,8,0.766666667,1
7099,9,1,1
7099,10,0.541666667,1
7099,11,0,1
7099,12,0.966666667,1
7099,13,1,1
7099,14,0.192307692,1
7099,15,0.866666667,1
7099,16,1,1
7099,17,1,1
7099,18,1,1
7099,19,0.538461538,1
7099,20,0,0.466666667
7099,21,0.555555556,0.793103448
7099,22,0.307692308,1
7099,23,0.933333333,1
7099,24,0.714285714,1
7099,25,0.655172414,1
7099,26,0.75862069,NA
7099,27,0.7,NA
7099,28,1,NA
7099,29,1,NA
7099,30,1,NA
7099,31,0.75,NA
7099,32,0,0
7099,33,0,NA
7099,34,0.625,NA
7099,35,1,NA
7099,36,0.52,NA
7099,37,0.192307692,NA
7099,38,1,0
7099,39,1,NA
7099,40,1,NA
7099,41,1,1
7099,42,1,NA
7099,43,1,1
7099,44,0.366666667,1
7099,45,0,1
7099,46,0.185185185,1
7099,47,1,0
7099,48,1,0.818181818
7099,49,0.592592593,0.476190476
7099,50,0.6,0
7099,51,1,0
7099,52,NA,0
7100,1,0,1
7100,2,0,1
7100,3,0,1
7100,4,0,1
7100,5,0,0.766666667
7100,6,0,1
7100,7,0.5,0.464285714
7100,8,0.9,0.933333333
7100,9,0.933333333,0.88
7100,10,0.296296296,1
7100,11,0.633333333,1
7100,12,0.034482759,1
7100,13,1,1
7100,14,0.44,1
7100,15,1,1
7100,16,0.928571429,1
7100,17,0.727272727,1
7100,18,0.526315789,1
7100,19,0.107142857,1
7100,20,1,1
7100,21,1,0.965517241
7100,22,1,0.846153846
7100,23,1,1
7100,24,1,0.75
7100,25,0.833333333,1
7100,26,0.8,0.466666667
7100,27,1,1
7100,28,0.666666667,1
7100,29,0.733333333,0.857142857
7100,30,0.366666667,1
7100,31,0,0.925925926
7100,32,0,0.933333333
7100,33,0,0.615384615
7100,34,0,0.8
7100,35,0,1
7100,36,0,0.433333333
7100,37,NA,0.666666667
7100,38,0,0.178571429
7100,39,0,0
7100,40,NA,0
7100,41,NA,NA
7102,1,0,1
7102,2,0,1
7102,3,0,0.433333333
7102,4,0.633333333,1
7102,5,0,1
7102,6,0.692307692,1
7102,7,0.366666667,0.62962963
7102,8,0.678571429,0.625
7102,9,0.307692308,1
7102,10,0,1
7102,11,0.266666667,0.966666667
7102,12,0.033333333,0.8
7102,13,0,1
7102,14,0.366666667,1
7102,15,1,1
7102,16,1,1
7102,17,1,0.866666667
7102,18,0.433333333,0.333333333
7102,19,0.966666667,0.958333333
7102,20,1,1
7102,21,1,1
7102,22,0.7,1
7102,23,1,1
7102,24,1,1
7102,25,0.607142857,1
7102,26,0.666666667,1
7102,27,0.466666667,1
7102,28,0.481481481,1
7102,29,1,1
7102,30,0.833333333,1
7102,31,0.466666667,0.571428571
7102,32,1,1
7102,33,1,1
7102,34,0.285714286,0.928571429
7102,35,0.551724138,0
7102,36,0.344827586,0.857142857
7102,37,0,1
7102,38,0,1
7102,39,0,1
7102,40,0,1
7102,41,0.233333333,1
7102,42,1,1
7102,43,1,1
7102,44,1,1
7102,45,0.833333333,1
7102,46,0.428571429,1
7102,47,1,1
7102,48,1,1
7102,49,1,1
7102,50,1,1
7102,51,1,1
7102,52,0.448275862,0.6
7102,53,0.833333333,0.866666667
7102,54,0.833333333,0.633333333
7102,55,0.703703704,0
7102,56,1,0.866666667
7102,57,1,0.8
7102,58,0.733333333,0.166666667
7102,59,1,0.966666667
7102,60,1,0.785714286
7102,61,1,0
7106,1,0,0
7106,2,0,0
7106,3,0,1
7106,4,0,1
7106,5,0,0.153846154
7106,6,0,0.185185185
7106,7,0,0.966666667
7106,8,0,0.791666667
7106,9,0,0
7106,10,0,0
7106,11,0,0
7106,12,0,0
7106,13,0,0
7106,14,0,0
7106,15,0.375,0
7106,16,0.724137931,1
7106,17,0,1
7106,18,0.066666667,1
7106,19,0,0.727272727
7106,20,0.466666667,1
7106,21,0.033333333,1
7106,22,0,1
7106,23,0,1
7106,24,0.933333333,1
7106,25,0.166666667,1
7106,26,0.28,1
7106,27,0,1
7106,28,0.25,0.88
7106,29,0,1
7106,30,0,1
7106,31,0,1
7106,32,0,1
7106,33,0,1
7106,34,0,1
7106,35,0,NA
7106,36,NA,0
7106,37,0,NA
7106,38,NA,0
7106,39,0,0
7106,40,0,1
7106,41,0,0.166666667
7106,42,NA,0
7106,43,0,0
7106,44,0,0
7106,45,0,0
7106,46,0,0
7106,47,0,0
7109,1,0,NA
7109,2,0,0.666666667
7109,3,0,1
7109,4,0,0.142857143
7109,5,0,0.153846154
7109,6,0,0
7109,7,0,0.931034483
7109,8,0.321428571,1
7109,9,0,0.185185185
7109,10,0,0.217391304
7109,11,0,1
7109,12,0,1
7109,13,0,1
7109,14,0,1
7109,15,0.035714286,1
7109,16,0.333333333,1
7109,17,1,1
7109,18,0.909090909,NA
7109,19,0.533333333,1
7109,20,1,1
7109,21,1,1
7109,22,1,1
7109,23,1,1
7109,24,1,1
7109,25,1,NA
7109,26,0.178571429,NA
7109,27,0.366666667,NA
7109,28,1,NA
7109,29,0.75862069,1
7109,30,0.259259259,NA
7109,31,0.185185185,NA
7109,32,1,NA
7109,33,1,1
7109,34,1,1
7109,35,1,1
7109,36,0.347826087,1
7109,37,1,1
7109,38,1,1
7109,39,NA,0.785714286
7109,40,1,1
7109,41,1,0.416666667
7109,42,1,0
7109,43,1,0
7109,44,0.333333333,0
7109,45,0.733333333,0
7109,46,1,0
7111,1,0,1
7111,2,0,1
7111,3,0,1
7111,4,0.366666667,1
7111,5,0,1
7111,6,0.379310345,1
7111,7,0.266666667,1
7111,8,0.066666667,1
7111,9,0.033333333,1
7111,10,1,1
7111,11,1,1
7111,12,1,1
7111,13,0.666666667,1
7111,14,0.7,1
7111,15,1,1
7111,16,1,1
7111,17,1,1
7111,18,1,1
7111,19,1,0.896551724
7111,20,1,1
7111,21,1,1
7111,22,0.733333333,1
7111,23,0,0.142857143
7111,24,0.266666667,1
7111,25,1,0.8
7111,26,1,0
7111,27,1,0.821428571
7111,28,1,1
7111,29,0.366666667,1
7111,30,1,1
7111,31,1,1
7111,32,1,0.966666667
7111,33,1,0.517241379
7111,34,1,0.9
7111,35,1,0.380952381
7111,36,1,0
7111,37,1,0
7116,1,0,0.666666667
7116,2,0,1
7116,3,0,1
7116,4,0.3,1
7116,5,0.133333333,1
7116,6,0.2,0.7
7116,7,0.266666667,1
7116,8,0,1
7116,9,0.833333333,1
7116,10,1,1
7116,11,1,1
7116,12,1,1
7116,13,1,1
7116,14,0.833333333,1
7116,15,0,1
7116,16,0.035714286,1
7116,17,1,1
7116,18,1,1
7116,19,1,1
7116,20,0.433333333,1
7116,21,0.266666667,1
7116,22,1,1
7116,23,1,1
7116,24,1,1
7116,25,1,1
7116,26,0.433333333,1
7116,27,0,1
7116,28,0.3,1
7116,29,0.533333333,1
7116,30,0.1,1
7116,31,1,NA
7116,32,0.8,NA
7116,33,1,1
7116,34,1,NA
7116,35,0.423076923,NA
7116,36,0,1
7116,37,0.266666667,1
7116,38,0.551724138,1
7116,39,0,1
7116,40,0,1
7116,41,0,1
7116,42,0.733333333,0.8
7116,43,0.366666667,0.642857143
7116,44,0,0
7116,45,0,0
7116,46,0.433333333,0
7116,47,1,0
7116,48,0.2,0
7119,1,0,1
7119,2,0,1
7119,3,0,1
7119,4,0,1
7119,5,0,0.724137931
7119,6,0,1
7119,7,0,1
7119,8,0,1
7119,9,0,1
7119,10,0.16,1
7119,11,0,1
7119,12,0,1
7119,13,1,1
7119,14,0.866666667,1
7119,15,0.344827586,1
7119,16,0.8,1
7119,17,0.333333333,1
7119,18,1,1
7119,19,0.966666667,1
7119,20,0,1
7119,21,0.296296296,1
7119,22,0.366666667,1
7119,23,0.84,1
7119,24,0,1
7119,25,0.615384615,0.96
7119,26,1,0.653846154
7119,27,1,0
7119,28,1,0
7119,29,1,0
7119,30,0.470588235,0
7119,31,0,0
7119,32,0.821428571,0
7121,1,0,0
7121,2,0,0
7121,3,0,0
7121,4,0,0
7121,5,0,0
7121,6,0,0
7121,7,0,0
7121,8,0,0
7121,9,0,0
7121,10,0,0
7121,11,0,0
7121,12,0,0
7121,13,0,0
7121,14,0,0
7121,15,0,0
7121,16,0,0
7121,17,0,0
7121,18,0,0
7121,19,0,0
7121,20,0,0
7121,21,0,0
7121,22,0,0
7121,23,0,0
7121,24,0,0
7121,25,0,0
7121,26,0,0
7121,27,0,0.1
7121,28,NA,1
7121,29,0.142857143,0.142857143
7121,30,0,0.6
7121,31,0,1
7121,32,0,1
7121,33,0,1
7121,34,0,0.458333333
7121,35,0,0.433333333
7121,36,0,0.333333333
7121,37,0,0.966666667
7121,38,0,1
7121,39,0,1
7121,40,0,1
7121,41,0,1
7121,42,0,1
7121,43,0,1
7121,44,0,1
7121,45,0,1
7121,46,0,1
7121,47,0,1
7121,48,0,1
7121,49,0,1
7121,50,0,1
7121,51,0,0.666666667
7121,52,0,0
7121,53,0,0.518518519
7121,54,0,0.708333333
7121,55,0,0
7121,56,0,0.761904762
7121,57,0,0
7121,58,0,0
7121,59,0,0
7121,60,0,0
7121,61,0,0
7121,62,0,0.066666667
7121,63,0,0.28
7121,64,0,0.571428571
7127,1,0,0.033333333
7127,2,0,0.333333333
7127,3,0,0.866666667
7127,4,0,1
7127,5,0,1
7127,6,0,1
7127,7,0,1
7127,8,0,1
7127,9,0,1
7127,10,0,1
7127,11,0,1
7127,12,0,1
7127,13,0,1
7127,14,0,1
7127,15,0.033333333,1
7127,16,0,1
7127,17,0,1
7127,18,0,1
7127,19,0,1
7127,20,0,1
7127,21,0,1
7127,22,0,0.25
7127,23,0,0
7127,24,0,1
7127,25,0,NA
7127,26,0.392857143,NA
7127,27,0.076923077,NA
7127,28,0,1
7127,29,0,0
7127,30,0,0
7127,31,0,0.074074074
7127,32,0,0.083333333
7127,33,0,1
7127,34,0,0.571428571
7127,35,0,0.571428571
7127,36,0,NA
7127,37,0,0.8
7127,38,0,0.208333333
7127,39,0,0
7127,40,0,0
7127,41,0,0
7127,42,0,0
7130,1,0,0
7130,2,0,0.366666667
7130,3,0,0.517241379
7130,4,0,0.5
7130,5,0,0.633333333
7130,6,0,1
7130,7,0,0.7
7130,8,0,1
7130,9,0,1
7130,10,0.033333333,1
7130,11,0,1
7130,12,0,1
7130,13,0,1
7130,14,0,1
7130,15,0,1
7130,16,0,1
7130,17,0,1
7130,18,0,1
7130,19,0,1
7130,20,0,1
7130,21,0,1
7130,22,0,0.766666667
7130,23,0,0.592592593
7130,24,0,0.366666667
7130,25,0.333333333,0.827586207
7130,26,0.333333333,0.966666667
7130,27,0,0.074074074
7130,28,0,1
7130,29,0,0.714285714
7130,30,0,0.037037037
7130,31,0,0
7130,32,0,0
7130,33,0,0
7130,34,0,0
7130,35,0,0
7130,36,0,0
7135,1,0,1
7135,2,0,0.965517241
7135,3,0,0.24137931
7135,4,0,1
7135,5,0,0.923076923
7135,6,0,NA
7135,7,0,NA
7135,8,0,NA
7135,9,0,NA
7135,10,0.111111111,NA
7135,11,1,NA
7135,12,0.148148148,NA
7135,13,0,0.75
7135,14,0,0.954545455
7135,15,0.633333333,0.25
7135,16,0.133333333,1
7135,17,0.444444444,NA
7135,18,0.366666667,NA
7135,19,0.966666667,NA
7135,20,0.083333333,NA
7135,21,1,NA
7135,22,1,NA
7135,23,1,0.80952381
7135,24,0.333333333,1
7135,25,0.133333333,0.75
7135,26,1,0.791666667
7135,27,0.733333333,1
7135,28,0.928571429,NA
7135,29,1,NA
7135,30,1,NA
7135,31,1,NA
7135,32,1,NA
7135,33,1,NA
7135,34,1,NA
7135,35,1,NA
7135,36,1,0.666666667
7135,37,1,0.5
7135,38,1,0.818181818
7135,39,1,0
7135,40,0.964285714,0
7135,41,0,0.130434783
7135,42,NA,0
7135,43,1,0
7135,44,1,0
7136,1,0,1
7136,2,0,1
7136,3,0,1
7136,4,0,1
7136,5,0,1
7136,6,0,0.833333333
7136,7,0,1
7136,8,0,1
7136,9,0.428571429,1
7136,10,1,1
7136,11,1,1
7136,12,0.333333333,1
7136,13,1,1
7136,14,1,1
7136,15,0.1,1
7136,16,0.466666667,1
7136,17,0.366666667,1
7136,18,0.766666667,1
7136,19,0.7,1
7136,20,0.266666667,1
7136,21,0.866666667,1
7136,22,0.310344828,1
7136,23,0,1
7136,24,0.428571429,0.681818182
7136,25,0.533333333,0
7136,26,0,0.466666667
7136,27,0.464285714,1
7136,28,0.2,0.166666667
7136,29,0,0
7136,30,0.333333333,0
7136,31,0.933333333,0
7144,1,0,0
7144,2,0,0
7144,3,0,0
7144,4,0.633333333,0
7144,5,0,0.24137931
7144,6,0,0.5
7144,7,0,0
7144,8,0,0.833333333
7144,9,0,0.862068966
7144,10,0,1
7144,11,0,1
7144,12,0,1
7144,13,0,1
7144,14,0,1
7144,15,0,1
7144,16,0,1
7144,17,0,1
7144,18,0,1
7144,19,0,1
7144,20,0,0.555555556
7144,21,0,1
7144,22,0.034482759,NA
7144,23,0,NA
7144,24,0,1
7144,25,0,1
7144,26,0,1
7144,27,0,1
7144,28,0,NA
7144,29,0,0.423076923
7144,30,0,0.5
7144,31,0,0.52
7144,32,0,0.058823529
7144,33,0,NA
7144,34,0.035714286,NA
7144,35,0.208333333,0.75
7144,36,0.066666667,1
7144,37,0.476190476,0
7144,38,0,0
7144,39,0,0
7144,40,0,0
7144,41,0,0
7144,42,0,0
7144,43,0,0
7144,44,0,0
7144,45,0,0
7144,46,0.071428571,0
7144,47,0,0
7149,1,0,1
7149,2,0,1
7149,3,0.28,1
7149,4,0.636363636,1
7149,5,0,1
7149,6,0.086956522,1
7149,7,0.375,0.928571429
7149,8,0.055555556,0.607142857
7149,9,0.666666667,1
7149,10,0,1
7149,11,0.666666667,1
7149,12,1,1
7149,13,0.88,1
7149,14,0,1
7149,15,0.5,1
7149,16,0.678571429,1
7149,17,0.296296296,1
7149,18,0.466666667,1
7149,19,0.928571429,0.785714286
7149,20,0.964285714,0.761904762
7149,21,0,0.962962963
7149,22,0,0.961538462
7149,23,0,1
7149,24,0.08,0.72
7149,25,0.6,0.434782609
7149,26,1,0
7149,27,0.233333333,0.266666667
7149,28,0,0
7149,29,0,0
7149,30,0.769230769,0.52
7149,31,1,0.107142857
7149,32,0.526315789,0.555555556
7156,1,0,1
7156,2,0,1
7156,3,0,0.933333333
7156,4,0.6,1
7156,5,0.733333333,1
7156,6,0,1
7156,7,0,1
7156,8,0.689655172,1
7156,9,0.777777778,1
7156,10,0.04,1
7156,11,1,1
7156,12,1,1
7156,13,0.866666667,1
7156,14,1,1
7156,15,1,1
7156,16,1,NA
7156,17,0.892857143,NA
7156,18,0,1
7156,19,0,1
7156,20,0,1
7156,21,0.375,1
7156,22,1,1
7156,23,0,1
7156,24,0,1
7156,25,0,0.875
7156,26,NA,0.173913043
7156,27,NA,0
7156,28,0,1
7156,29,1,NA
7156,30,0.5,NA
7156,31,0,1
7156,32,0.966666667,1
7156,33,0.958333333,NA
7156,34,0,NA
7156,35,0,NA
7156,36,0,NA
7156,37,0,NA
7156,38,0,0.076923077
7156,39,0,0.678571429
7156,40,NA,0
7156,41,NA,0
7156,42,0,0
7156,43,0,0
7156,44,0,0
7157,1,0,0
7157,2,0,0
7157,3,0,0
7157,4,0,0
7157,5,0,0.090909091
7157,6,0,0
7157,7,0,0
7157,8,0,0.6
7157,9,0,1
7157,10,0,1
7157,11,0,1
7157,12,0,1
7157,13,0,1
7157,14,0,NA
7157,15,0,NA
7157,16,0,NA
7157,17,0,NA
7157,18,0,NA
7157,19,0,NA
7157,20,0,NA
7157,21,0,NA
7157,22,0,NA
7157,23,0,NA
7157,24,0,0.333333333
7157,25,0,0
7157,26,0,NA
7157,27,0,NA
7157,28,0,NA
7157,29,0,0
7157,30,0,NA
7157,31,0,1
7157,32,0,NA
7157,33,0,NA
7157,34,0,NA
7157,35,0,NA
7157,36,0,1
7157,37,NA,NA
7157,38,NA,NA
7157,39,NA,1
7157,40,0,0.818181818
7157,41,0,0.666666667
7157,42,0,1
7157,43,0,0.909090909
7157,44,0,NA
7157,45,0,0
7157,46,0,0
7157,47,0,0.2
7157,48,0.363636364,0.5
7157,49,0.043478261,0
7157,50,0,0
7157,51,0.142857143,0
7157,52,0,0
7157,53,0,0
7159,1,0,0.2
7159,2,0.083333333,0.137931034
7159,3,0.416666667,0.708333333
7159,4,0.192307692,0
7159,5,0,0.25
7159,6,0,0.153846154
7159,7,0,NA
7159,8,0,0.1
7159,9,0,1
7159,10,0,1
7159,11,0,1
7159,12,0,1
7159,13,0,1
7159,14,0,1
7159,15,0,1
7159,16,0,1
7159,17,0,1
7159,18,0,1
7159,19,0,NA
7159,20,0,NA
7159,21,0,NA
7159,22,0,NA
7159,23,0,NA
7159,24,0,NA
7159,25,0,1
7159,26,0,1
7159,27,0,1
7159,28,0,1
7159,29,0,1
7159,30,0,NA
7159,31,0,0.181818182
7159,32,0,0
7159,33,0.433333333,NA
7159,34,0.866666667,0.346153846
7159,35,0.7,0.538461538
7159,36,0,0
7159,37,0,0.115384615
7159,38,0,0.625
7159,39,0,0
7159,40,NA,0
7159,41,0,0
7163,1,0,1
7163,2,0,1
7163,3,0,0.966666667
7163,4,0,0.894736842
7163,5,0,0.958333333
7163,6,0,1
7163,7,0,1
7163,8,0,0.875
7163,9,0,1
7163,10,0,1
7163,11,NA,1
7163,12,0,1
7163,13,NA,1
7163,14,NA,1
7163,15,NA,1
7163,16,0,1
7163,17,0,0.666666667
7163,18,0,0.888888889
7163,19,0.888888889,1
7163,20,1,1
7163,21,1,1
7163,22,0,1
7163,23,0,0.571428571
7163,24,0,0.296296296
7163,25,0,0.857142857
7163,26,0,1
7163,27,0,1
7163,28,0.1875,1
7163,29,0.5,1
7163,30,1,0.9375
7163,31,0,1
7163,32,0,1
7163,33,0,1
7163,34,0.071428571,0.333333333
7163,35,1,0.925925926
7163,36,NA,0.08
7163,37,NA,0.055555556
7163,38,0,0
7163,39,0,0
7163,40,0.833333333,0
7163,41,0.357142857,0
7163,42,0.333333333,0
7165,1,0,0.296296296
7165,2,0,0.034482759
7165,3,0,0.818181818
7165,4,0.32,0.944444444
7165,5,0.217391304,1
7165,6,0.933333333,1
7165,7,1,0.833333333
7165,8,0.272727273,1
7165,9,0.115384615,NA
7165,10,0.482758621,NA
7165,11,NA,NA
7165,12,0.434782609,NA
7165,13,0.6,0
7165,14,0,0
7165,15,0.555555556,0.25
7165,16,0,0
7165,17,0.925925926,0
7165,18,1,NA
7165,19,1,NA
7165,20,0.777777778,NA
7165,21,1,NA
7165,22,0.652173913,NA
7165,23,0.263157895,NA
7165,24,1,NA
7165,25,1,0.142857143
7165,26,1,0.555555556
7165,27,0.571428571,0
7165,28,1,0.185185185
7165,29,1,0.666666667
7165,30,1,0
7165,31,1,1
7165,32,0.5,NA
7165,33,1,0
7165,34,1,0
7165,35,1,0
7165,36,NA,0
7165,37,NA,0
7165,38,NA,0
7165,39,NA,0
7004,55,0,NA
7004,56,0,NA
7004,57,0,NA
7004,58,0,NA
7004,59,0,NA
7004,60,0,NA
7004,61,0,NA
7004,62,0,NA
7004,63,0,NA
7004,64,0,NA
7004,65,0,NA
7004,66,0,NA
7004,67,0,NA
7017,40,0,NA
7017,41,0,NA
7017,42,0,NA
7017,43,0,NA
7017,44,0,NA
7017,45,0,NA
7017,46,0,NA
7017,47,0,NA
7017,48,0,NA
7017,49,0,NA
7017,50,0,NA
7017,51,0,NA
7017,52,0,NA
7017,53,0,NA
7017,54,0,NA
7017,55,0,NA
7017,56,0,NA
7017,57,0,NA
7017,58,0,NA
7017,59,0,NA
7024,32,1,NA
7024,33,1,NA
7024,34,1,NA
7024,35,1,NA
7024,36,1,NA
7024,37,1,NA
7024,38,1,NA
7024,39,0.277777778,NA
7024,40,NA,NA
7024,41,0.85,NA
7024,42,1,NA
7024,43,1,NA
7024,44,1,NA
7024,45,1,NA
7024,46,0.466666667,NA
7024,47,0.535714286,NA
7024,48,0,NA
7024,49,0.48,NA
7024,50,0,NA
7024,51,0.740740741,NA
7024,52,0.766666667,NA
7024,53,0.366666667,NA
7024,54,0.818181818,NA
7024,55,NA,NA
7024,56,0.95,NA
7024,57,1,NA
7024,58,0.966666667,NA
7024,59,0,NA
7024,60,NA,NA
7024,61,0.892857143,NA
7030,53,0,NA
7030,54,0,NA
7030,55,0,NA
7030,56,0,NA
7030,57,0,NA
7030,58,0,NA
7030,59,NA,NA
7030,60,NA,NA
7030,61,0,NA
7030,62,0,NA
7030,63,NA,NA
7030,64,NA,NA
7034,33,0,NA
7034,34,0,NA
7034,35,0,NA
7034,36,0,NA
7034,37,0,NA
7034,38,0,NA
7034,39,0.3125,NA
7034,40,0,NA
7034,41,0,NA
7034,42,0,NA
7034,43,0.333333333,NA
7034,44,0.48,NA
7034,45,0.357142857,NA
7034,46,1,NA
7034,47,1,NA
7034,48,1,NA
7034,49,1,NA
7034,50,0,NA
7034,51,0,NA
7034,52,0.666666667,NA
7034,53,1,NA
7034,54,0.526315789,NA
7034,55,0,NA
7034,56,0,NA
7034,57,NA,NA
7034,58,NA,NA
7034,59,1,NA
7034,60,NA,NA
7034,61,1,NA
7034,62,1,NA
7034,63,1,NA
7038,25,0,NA
7038,26,0,NA
7038,27,0,NA
7038,28,0,NA
7038,29,0,NA
7038,30,0,NA
7038,31,0,NA
7038,32,0,NA
7038,33,0,NA
7038,34,0,NA
7038,35,0,NA
7038,36,0,NA
7038,37,0,NA
7038,38,0,NA
7038,39,0,NA
7038,40,0,NA
7038,41,0,NA
7038,42,0,NA
7038,43,0,NA
7038,44,0,NA
7038,45,0,NA
7038,46,0,NA
7038,47,0,NA
7038,48,0,NA
7038,49,0,NA
7038,50,0.214285714,NA
7038,51,0,NA
7038,52,0,NA
7038,53,0,NA
7038,54,0,NA
7038,55,0,NA
7038,56,0,NA
7038,57,0,NA
7038,58,0,NA
7038,59,0,NA
7038,60,0,NA
7038,61,0,NA
7038,62,0,NA
7038,63,0,NA
7038,64,0,NA
7038,65,0,NA
7038,66,0,NA
7038,67,0,NA
7038,68,0,NA
7038,69,0,NA
7052,22,1,NA
7052,23,0.586206897,NA
7052,24,0.785714286,NA
7052,25,1,NA
7052,26,0.666666667,NA
7052,27,1,NA
7052,28,0.892857143,NA
7052,29,0.633333333,NA
7052,30,0.538461538,NA
7052,31,0,NA
7052,32,0,NA
7052,33,0.692307692,NA
7052,34,1,NA
7052,35,1,NA
7052,36,0.785714286,NA
7052,37,1,NA
7052,38,1,NA
7052,39,1,NA
7052,40,1,NA
7052,41,1,NA
7052,42,1,NA
7052,43,1,NA
7052,44,1,NA
7052,45,1,NA
7052,46,1,NA
7052,47,1,NA
7052,48,0,NA
7052,49,0,NA
7052,50,0.666666667,NA
7052,51,0,NA
7052,52,0,NA
7052,53,0.148148148,NA
7052,54,1,NA
7052,55,1,NA
7052,56,0.448275862,NA
7052,57,1,NA
7052,58,0.321428571,NA
7052,59,0.166666667,NA
7052,60,0.633333333,NA
7052,61,1,NA
7058,43,0,NA
7058,44,0,NA
7058,45,NA,NA
7058,46,0,NA
7058,47,0.038461538,NA
7058,48,0,NA
7058,49,0,NA
7058,50,0.066666667,NA
7058,51,0,NA
7058,52,0,NA
7058,53,0,NA
7058,54,0,NA
7058,55,0,NA
7058,56,0,NA
7058,57,0,NA
7058,58,0.4375,NA
7058,59,0,NA
7060,23,NA,NA
7060,24,NA,NA
7060,25,NA,NA
7060,26,NA,NA
7060,27,NA,NA
7060,28,NA,NA
7060,29,0,NA
7060,30,0,NA
7060,31,NA,NA
7060,32,NA,NA
7060,33,NA,NA
7060,34,NA,NA
7060,35,NA,NA
7060,36,NA,NA
7060,37,NA,NA
7060,38,NA,NA
7060,39,NA,NA
7060,40,NA,NA
7060,41,NA,NA
7060,42,NA,NA
7060,43,NA,NA
7060,44,NA,NA
7060,45,NA,NA
7060,46,0,NA
7060,47,NA,NA
7060,48,0,NA
7060,49,NA,NA
7060,50,0,NA
7060,51,0,NA
7060,52,0,NA
7060,53,NA,NA
7060,54,NA,NA
7060,55,0,NA
7060,56,NA,NA
7060,57,NA,NA
7060,58,NA,NA
7060,59,NA,NA
7060,60,0,NA
7060,61,NA,NA
7060,62,NA,NA
7060,63,0,NA
7060,64,NA,NA
7063,59,0,NA
7063,60,0,NA
7063,61,0,NA
7064,27,0,NA
7064,28,0,NA
7064,29,0,NA
7064,30,0,NA
7064,31,0.392857143,NA
7064,32,1,NA
7064,33,0.047619048,NA
7064,34,0.892857143,NA
7064,35,1,NA
7064,36,0.933333333,NA
7064,37,0,NA
7064,38,0,NA
7064,39,0,NA
7064,40,0,NA
7064,41,0.7,NA
7064,42,1,NA
7064,43,1,NA
7064,44,1,NA
7064,45,0.133333333,NA
7064,46,0.4,NA
7064,47,1,NA
7064,48,1,NA
7064,49,0.466666667,NA
7064,50,0,NA
7064,51,0,NA
7064,52,0,NA
7064,53,0.05,NA
7064,54,0.8,NA
7064,55,0,NA
7064,56,0,NA
7064,57,0,NA
7064,58,0,NA
7064,59,0,NA
7065,65,NA,NA
7067,24,0.833333333,NA
7067,25,0.703703704,NA
7067,26,1,NA
7067,27,1,NA
7067,28,0.413793103,NA
7067,29,0,NA
7067,30,0.833333333,NA
7067,31,0.533333333,NA
7067,32,0,NA
7067,33,0,NA
7067,34,0,NA
7067,35,0.074074074,NA
7067,36,0,NA
7067,37,0,NA
7067,38,0,NA
7067,39,0.233333333,NA
7067,40,0,NA
7067,41,0,NA
7067,42,0,NA
7067,43,0,NA
7067,44,0,NA
7067,45,0,NA
7067,46,0.433333333,NA
7067,47,1,NA
7067,48,0.433333333,NA
7067,49,1,NA
7067,50,0.733333333,NA
7067,51,0.833333333,NA
7067,52,0.181818182,NA
7067,53,0.133333333,NA
7067,54,1,NA
7067,55,1,NA
7067,56,1,NA
7067,57,1,NA
7067,58,1,NA
7067,59,1,NA
7067,60,1,NA
7067,61,1,NA
7067,62,1,NA
7076,30,0,NA
7076,31,NA,NA
7076,32,0,NA
7076,33,0,NA
7076,34,0.157894737,NA
7076,35,NA,NA
7076,36,0.45,NA
7076,37,0,NA
7076,38,0,NA
7076,39,NA,NA
7076,40,0,NA
7076,41,0,NA
7076,42,0.333333333,NA
7076,43,0.666666667,NA
7076,44,0.933333333,NA
7076,45,0,NA
7076,46,0,NA
7076,47,0,NA
7076,48,0,NA
7076,49,0,NA
7076,50,0.826086957,NA
7076,51,0.473684211,NA
7076,52,0.033333333,NA
7076,53,0,NA
7076,54,0.4,NA
7076,55,0,NA
7076,56,0,NA
7076,57,0.714285714,NA
7078,53,0,NA
7078,54,0,NA
7078,55,0.607142857,NA
7078,56,0,NA
7078,57,0,NA
7082,37,0,NA
7082,38,0,NA
7082,39,0,NA
7082,40,0,NA
7082,41,0,NA
7082,42,0,NA
7082,43,0,NA
7082,44,0,NA
7082,45,0,NA
7082,46,0,NA
7082,47,0,NA
7082,48,0,NA
7083,35,0.962962963,NA
7083,36,1,NA
7083,37,1,NA
7083,38,1,NA
7083,39,1,NA
7083,40,1,NA
7083,41,1,NA
7083,42,1,NA
7083,43,1,NA
7083,44,1,NA
7083,45,1,NA
7083,46,1,NA
7083,47,1,NA
7083,48,1,NA
7083,49,1,NA
7083,50,1,NA
7083,51,1,NA
7083,52,1,NA
7083,53,1,NA
7083,54,1,NA
7083,55,1,NA
7083,56,1,NA
7083,57,1,NA
7083,58,1,NA
7083,59,1,NA
7085,60,1,NA
7085,61,1,NA
7085,62,0.666666667,NA
7085,63,0.766666667,NA
7085,64,0.833333333,NA
7085,65,0,NA
7089,30,NA,NA
7089,31,NA,NA
7089,32,0,NA
7089,33,0,NA
7089,34,0,NA
7089,35,0,NA
7089,36,0,NA
7089,37,0,NA
7089,38,0,NA
7089,39,0,NA
7089,40,0.368421053,NA
7089,41,1,NA
7089,42,1,NA
7089,43,1,NA
7089,44,0.964285714,NA
7089,45,0,NA
7089,46,0.692307692,NA
7089,47,1,NA
7089,48,0.913043478,NA
7089,49,0.444444444,NA
7089,50,0.956521739,NA
7089,51,0.814814815,NA
7089,52,0.909090909,NA
7089,53,0,NA
7089,54,0,NA
7089,55,0.703703704,NA
7089,56,0.892857143,NA
7089,57,0.517241379,NA
7089,58,0.033333333,NA
7089,59,0,NA
7091,40,0.5,NA
7091,41,0.6,NA
7091,42,0.6,NA
7091,43,1,NA
7091,44,1,NA
7091,45,0.2,NA
7091,46,1,NA
7091,47,1,NA
7091,48,0,NA
7091,49,0,NA
7091,50,0.4,NA
7091,51,1,NA
7091,52,0.8,NA
7091,53,0.586206897,NA
7091,54,0.466666667,NA
7091,55,0.551724138,NA
7091,56,0.888888889,NA
7095,42,1,NA
7095,43,1,NA
7095,44,1,NA
7095,45,1,NA
7095,46,1,NA
7095,47,1,NA
7095,48,1,NA
7095,49,1,NA
7095,50,1,NA
7095,51,1,NA
7095,52,1,NA
7095,53,1,NA
7095,54,0.928571429,NA
7095,55,1,NA
7095,56,1,NA
7095,57,1,NA
7100,42,NA,NA
7100,43,NA,NA
7100,44,NA,NA
7100,45,0.592592593,NA
7100,46,0.363636364,NA
7100,47,0,NA
7100,48,0.107142857,NA
7100,49,1,NA
7100,50,1,NA
7100,51,1,NA
7100,52,1,NA
7100,53,1,NA
7100,54,1,NA
7100,55,1,NA
7100,56,1,NA
7100,57,1,NA
7100,58,0.952380952,NA
7100,59,0,NA
7100,60,0.896551724,NA
7102,62,1,NA
7102,63,0.966666667,NA
7102,64,0.733333333,NA
7102,65,1,NA
7106,48,0,NA
7106,49,0,NA
7106,50,0,NA
7106,51,0.259259259,NA
7106,52,0.071428571,NA
7106,53,0,NA
7106,54,0,NA
7106,55,0.692307692,NA
7106,56,1,NA
7106,57,1,NA
7106,58,1,NA
7106,59,0.333333333,NA
7106,60,0,NA
7106,61,0,NA
7106,62,0,NA
7106,63,NA,NA
7106,64,0.954545455,NA
7106,65,1,NA
7106,66,0,NA
7106,67,0.888888889,NA
7106,68,0.466666667,NA
7106,69,0.4,NA
7106,70,0.933333333,NA
7106,71,1,NA
7106,72,0.222222222,NA
7106,73,0.142857143,NA
7106,74,0,NA
7106,75,0,NA
7106,76,0.285714286,NA
7109,47,1,NA
7109,48,1,NA
7109,49,1,NA
7109,50,0,NA
7109,51,0.296296296,NA
7109,52,1,NA
7109,53,1,NA
7109,54,1,NA
7109,55,1,NA
7109,56,0.652173913,NA
7109,57,0.4,NA
7109,58,0,NA
7109,59,0.733333333,NA
7109,60,0,NA
7109,61,0.233333333,NA
7109,62,1,NA
7109,63,0,NA
7109,64,0,NA
7109,65,0.5,NA
7111,38,1,NA
7111,39,1,NA
7111,40,1,NA
7111,41,1,NA
7111,42,1,NA
7111,43,0.2,NA
7111,44,1,NA
7111,45,0.566666667,NA
7111,46,0.866666667,NA
7111,47,1,NA
7111,48,1,NA
7111,49,1,NA
7111,50,0.733333333,NA
7111,51,0.384615385,NA
7111,52,1,NA
7111,53,1,NA
7111,54,1,NA
7111,55,1,NA
7111,56,0.739130435,NA
7111,57,1,NA
7111,58,1,NA
7111,59,0.766666667,NA
7111,60,0.266666667,NA
7111,61,0.4,NA
7111,62,1,NA
7116,49,0,NA
7116,50,0,NA
7116,51,0.9,NA
7116,52,1,NA
7116,53,1,NA
7116,54,0.6,NA
7116,55,0,NA
7116,56,0,NA
7116,57,0.517241379,NA
7116,58,1,NA
7116,59,1,NA
7116,60,1,NA
7116,61,1,NA
7116,62,1,NA
7116,63,0.066666667,NA
7116,64,0,NA
7119,33,1,NA
7119,34,0.714285714,NA
7119,35,1,NA
7119,36,0.678571429,NA
7119,37,0.25,NA
7119,38,0,NA
7119,39,0,NA
7119,40,0,NA
7119,41,0.7,NA
7119,42,1,NA
7119,43,0.666666667,NA
7119,44,0,NA
7119,45,0,NA
7119,46,0.866666667,NA
7119,47,1,NA
7119,48,1,NA
7119,49,0.740740741,NA
7119,50,0.739130435,NA
7119,51,0.407407407,NA
7119,52,0.928571429,NA
7119,53,1,NA
7119,54,0.533333333,NA
7119,55,0.3,NA
7119,56,0.866666667,NA
7119,57,0.333333333,NA
7119,58,0.481481481,NA
7119,59,0.791666667,NA
7119,60,1,NA
7119,61,1,NA
7121,65,0,NA
7121,66,0,NA
7121,67,0,NA
7121,68,0,NA
7121,69,0,NA
7121,70,0,NA
7121,71,0,NA
7121,72,0,NA
7121,73,0,NA
7121,74,0,NA
7121,75,0,NA
7121,76,0,NA
7121,77,0,NA
7127,43,0.333333333,NA
7127,44,1,NA
7127,45,0.666666667,NA
7127,46,0,NA
7127,47,0.1,NA
7127,48,0.933333333,NA
7127,49,0.041666667,NA
7127,50,0,NA
7127,51,0,NA
7127,52,0,NA
7127,53,0,NA
7127,54,0.115384615,NA
7127,55,0,NA
7127,56,0,NA
7127,57,0,NA
7127,58,0,NA
7127,59,0,NA
7127,60,0,NA
7130,37,0,NA
7130,38,0,NA
7130,39,0,NA
7130,40,0.366666667,NA
7130,41,0.666666667,NA
7130,42,0,NA
7130,43,0,NA
7130,44,0.035714286,NA
7130,45,0,NA
7130,46,0,NA
7130,47,0,NA
7130,48,0,NA
7130,49,0,NA
7130,50,0,NA
7130,51,0,NA
7130,52,0,NA
7130,53,0,NA
7130,54,0,NA
7130,55,0,NA
7135,45,1,NA
7135,46,1,NA
7135,47,1,NA
7135,48,1,NA
7135,49,1,NA
7135,50,1,NA
7135,51,1,NA
7135,52,1,NA
7135,53,1,NA
7135,54,1,NA
7135,55,1,NA
7135,56,1,NA
7135,57,1,NA
7135,58,1,NA
7135,59,1,NA
7135,60,1,NA
7135,61,1,NA
7135,62,1,NA
7135,63,1,NA
7135,64,1,NA
7135,65,1,NA
7136,32,0,NA
7136,33,0.333333333,NA
7136,34,0.666666667,NA
7136,35,1,NA
7136,36,0.666666667,NA
7136,37,1,NA
7136,38,0.733333333,NA
7136,39,0.566666667,NA
7136,40,1,NA
7136,41,0.9,NA
7136,42,0,NA
7136,43,0.333333333,NA
7136,44,1,NA
7136,45,1,NA
7136,46,1,NA
7136,47,1,NA
7136,48,1,NA
7136,49,1,NA
7136,50,1,NA
7136,51,1,NA
7136,52,0.833333333,NA
7136,53,0,NA
7136,54,0.464285714,NA
7136,55,1,NA
7136,56,1,NA
7136,57,0.433333333,NA
7136,58,0.5,NA
7136,59,0.766666667,NA
7136,60,0.533333333,NA
7136,61,0.6,NA
7136,62,1,NA
7144,48,0,NA
7144,49,0,NA
7144,50,0,NA
7144,51,0,NA
7144,52,0.333333333,NA
7144,53,0.433333333,NA
7144,54,0,NA
7144,55,0,NA
7144,56,0,NA
7144,57,0,NA
7144,58,0,NA
7144,59,0,NA
7144,60,0,NA
7144,61,0,NA
7144,62,0,NA
7144,63,0,NA
7144,64,0,NA
7144,65,0,NA
7144,66,0,NA
7149,33,0,NA
7149,34,0.423076923,NA
7149,35,1,NA
7149,36,1,NA
7149,37,0.32,NA
7149,38,0,NA
7149,39,0.733333333,NA
7149,40,1,NA
7149,41,0.107142857,NA
7149,42,1,NA
7149,43,1,NA
7149,44,0.107142857,NA
7149,45,0.045454545,NA
7149,46,1,NA
7149,47,0.05,NA
7149,48,0,NA
7149,49,0,NA
7149,50,0,NA
7149,51,0,NA
7149,52,0,NA
7149,53,0.038461538,NA
7149,54,0.769230769,NA
7149,55,0,NA
7149,56,0,NA
7149,57,0,NA
7149,58,0.166666667,NA
7149,59,1,NA
7149,60,1,NA
7156,45,0.633333333,NA
7156,46,1,NA
7156,47,0.166666667,NA
7156,48,0,NA
7156,49,NA,NA
7156,50,0.866666667,NA
7156,51,1,NA
7156,52,0.84,NA
7156,53,0,NA
7156,54,0.75,NA
7156,55,1,NA
7156,56,1,NA
7156,57,1,NA
7156,58,1,NA
7156,59,1,NA
7156,60,1,NA
7156,61,NA,NA
7156,62,0.818181818,NA
7157,54,0.033333333,NA
7157,55,0.25,NA
7157,56,0,NA
7157,57,0,NA
7157,58,0,NA
7157,59,0,NA
7157,60,0,NA
7157,61,0,NA
7159,42,0,NA
7159,43,0,NA
7159,44,0,NA
7159,45,0,NA
7159,46,0,NA
7159,47,0,NA
7159,48,0,NA
7159,49,0,NA
7159,50,0,NA
7159,51,0,NA
7159,52,0,NA
7159,53,NA,NA
7159,54,NA,NA
7159,55,NA,NA
7159,56,0,NA
7159,57,0,NA
7159,58,0,NA
7159,59,1,NA
7163,43,1,NA
7163,44,0.964285714,NA
7163,45,0,NA
7163,46,0.769230769,NA
7163,47,0,NA
7163,48,0,NA
7163,49,0,NA
7163,50,0.3,NA
7163,51,1,NA
7163,52,1,NA
7163,53,1,NA
7163,54,1,NA
7163,55,1,NA
7163,56,0.666666667,NA
7163,57,0.448275862,NA
7163,58,0.5,NA
7163,59,1,NA
7163,60,1,NA
7163,61,1,NA
7165,40,NA,NA
7165,41,NA,NA
7165,42,NA,NA
7165,43,NA,NA
7165,44,NA,NA
7165,45,NA,NA
7165,46,NA,NA
7165,47,NA,NA
7165,48,NA,NA
7165,49,NA,NA
7165,50,NA,NA
7165,51,NA,NA
7165,52,NA,NA
7165,53,NA,NA
7165,54,NA,NA
7165,55,1,NA
7165,56,0.892857143,NA
7165,57,0.620689655,NA
7165,58,1,NA
7165,59,1,NA
7165,60,0.625,NA
7165,61,0.904761905,NA
7165,62,1,NA